Name,Gender,Religion,Cast,Country
khan,Male,muslim,,India
bano,Male,muslim,,India
begm,Male,muslim,,India
ali,Male,muslim,,India
ahamad,Male,muslim,,India
hasan,Male,muslim,,India
rashid,Male,muslim,,India
aalam,Male,muslim,,India
salim,Male,muslim,,India
alam,Male,muslim,,India
nasim,Male,muslim,,India
arif,Male,muslim,,India
kho,Male,muslim,,India
javed,Male,muslim,,India
khatun,Male,muslim,,India
sajid,Male,muslim,,India
salman,Male,muslim,,India
banon,Male,muslim,,India
imran,Male,muslim,,India
akil,Male,muslim,,India
aslam,Male,muslim,,India
shamim,Male,muslim,,India
irafan,Male,muslim,,India
vasim,Male,muslim,,India
irashad,Male,muslim,,India
lakhan,Male,muslim,,India
mustakim,Male,muslim,,India
nafis,Male,muslim,,India
asif,Male,muslim,,India
afasana,Male,muslim,,India
husen,Male,muslim,,India
rihana,Male,muslim,,India
salma,Male,muslim,,India
fatma,Male,muslim,,India
imaran,Male,muslim,,India
amir,Male,muslim,,India
ansari,Male,muslim,,India
ikabal,Male,muslim,,India
kusum,Male,muslim,,India
hasim,Male,muslim,,India
julfikar,Male,muslim,,India
najim,Male,muslim,,India
akhtar,Male,muslim,,India
jarina,Male,muslim,,India
bagum,Male,muslim,,India
khalid,Male,muslim,,India
anjum,Male,muslim,,India
afaroj,Male,muslim,,India
kadir,Male,muslim,,India
khann,Male,muslim,,India
khanam,Male,muslim,,India
isarar,Male,muslim,,India
nafisa,Male,muslim,,India
ajad,Male,muslim,,India
kalim,Male,muslim,,India
nijamuddin,Male,muslim,,India
samim,Male,muslim,,India
yusuf,Male,muslim,,India
yasamin,Male,muslim,,India
malikhan,Male,muslim,,India
sabir,Male,muslim,,India
khatoon,Male,muslim,,India
hashim,Male,muslim,,India
aarif,Male,muslim,,India
taufik,Male,muslim,,India
tabassum,Male,muslim,,India
yunus,Male,muslim,,India
ansar,Male,muslim,,India
rasid,Male,muslim,,India
hanif,Male,muslim,,India
irfan,Male,muslim,,India
jalil,Male,muslim,,India
monis,Male,muslim,,India
nisar,Male,muslim,,India
irshad,Male,muslim,,India
miyan,Male,muslim,,India
nasir,Male,muslim,,India
shadab,Male,muslim,,India
sushamadevi,Male,muslim,,India
afatab,Male,muslim,,India
islam,Male,muslim,,India
afak,Male,muslim,,India
asalam,Male,muslim,,India
asma,Male,muslim,,India
madina,Male,muslim,,India
maharam,Male,muslim,,India
nasima,Male,muslim,,India
umar,Male,muslim,,India
hamid,Male,muslim,,India
jubair,Male,muslim,,India
mainaj,Male,muslim,,India
aamir,Male,muslim,,India
amin,Male,muslim,,India
ara,Male,muslim,,India
jaskaran,Male,muslim,,India
kamaruddin,Male,muslim,,India
nausad,Male,muslim,,India
amna,Male,muslim,,India
vahid,Male,muslim,,India
rais,Male,muslim,,India
afsar,Male,muslim,,India
suleman,Male,muslim,,India
afsana,Male,muslim,,India
jahid,Male,muslim,,India
paravej,Male,muslim,,India
irasad,Male,muslim,,India
nayab,Male,muslim,,India
rabiya,Male,muslim,,India
sharafat,Male,muslim,,India
akhtari,Male,muslim,,India
faiyaj,Male,muslim,,India
jalaluddin,Male,muslim,,India
jakil,Male,muslim,,India
rafi,Male,muslim,,India
riyajuddin,Male,muslim,,India
salikaram,Male,muslim,,India
sattar,Male,muslim,,India
shabanam,Male,muslim,,India
yasin,Male,muslim,,India
ahmad,Male,muslim,,India
akaram,Male,muslim,,India
jabir,Male,muslim,,India
jamaluddin,Male,muslim,,India
julekha,Male,muslim,,India
nasrin,Male,muslim,,India
rubina,Male,muslim,,India
sadik,Male,muslim,,India
shabina,Male,muslim,,India
afajal,Male,muslim,,India
begham,Male,muslim,,India
kayum,Male,muslim,,India
sajida,Male,muslim,,India
shafik,Male,muslim,,India
basim,Male,muslim,,India
mufid,Male,muslim,,India
ibrahim,Male,muslim,,India
aasif,Male,muslim,,India
kalam,Male,muslim,,India
gaffar,Male,muslim,,India
momin,Male,muslim,,India
sahid,Male,muslim,,India
sarfaraj,Male,muslim,,India
anjana,Male,muslim,,India
asgari,Male,muslim,,India
bavita,Male,muslim,,India
tausif,Male,muslim,,India
muslim,Male,muslim,,India
salaman,Male,muslim,,India
taslim,Male,muslim,,India
afsari,Male,muslim,,India
nihal,Male,muslim,,India
safik,Male,muslim,,India
akbari,Male,muslim,,India
alim,Male,muslim,,India
rahman,Male,muslim,,India
saliman,Male,muslim,,India
beg,Male,muslim,,India
khanm,Male,muslim,,India
mainuddin,Male,muslim,,India
sultan,Male,muslim,,India
hasib,Male,muslim,,India
jabbar,Male,muslim,,India
mosin,Male,muslim,,India
samad,Male,muslim,,India
yamin,Male,muslim,,India
aajam,Male,muslim,,India
alauddin,Male,muslim,,India
kamaluddin,Male,muslim,,India
salauddin,Male,muslim,,India
mohasin,Male,muslim,,India
noori,Male,muslim,,India
sabana,Male,muslim,,India
sarif,Male,muslim,,India
aara,Male,muslim,,India
gulab,Male,muslim,,India
halim,Male,muslim,,India
mohsin,Male,muslim,,India
muinuddin,Male,muslim,,India
mushir,Male,muslim,,India
samid,Male,muslim,,India
shahana,Male,muslim,,India
latif,Male,muslim,,India
sakina,Male,muslim,,India
tahasin,Male,muslim,,India
afasar,Male,muslim,,India
ashif,Male,muslim,,India
ishrat,Male,muslim,,India
israr,Male,muslim,,India
istakhar,Male,muslim,,India
jayarani,Male,muslim,,India
juvair,Male,muslim,,India
kamran,Male,muslim,,India
kamruddin,Male,muslim,,India
musharraf,Male,muslim,,India
sabnam,Male,muslim,,India
sama,Male,muslim,,India
shahajahan,Male,muslim,,India
tasalim,Male,muslim,,India
aliya,Male,muslim,,India
ashfak,Male,muslim,,India
ashraf,Male,muslim,,India
farid,Male,muslim,,India
hasin,Male,muslim,,India
israt,Male,muslim,,India
nashrin,Male,muslim,,India
sakila,Male,muslim,,India
salam,Male,muslim,,India
sarafat,Male,muslim,,India
shabbir,Male,muslim,,India
sirajuddin,Male,muslim,,India
abbas,Male,muslim,,India
hasmuddin,Male,muslim,,India
irsad,Male,muslim,,India
najir,Male,muslim,,India
rafikan,Male,muslim,,India
rashida,Male,muslim,,India
rehana,Male,muslim,,India
said,Male,muslim,,India
faiyyaj,Male,muslim,,India
hasamuddin,Male,muslim,,India
jumman,Male,muslim,,India
kamrooddin,Male,muslim,,India
mujaffar,Male,muslim,,India
sarafuddin,Male,muslim,,India
shahabuddin,Male,muslim,,India
akbar,Male,muslim,,India
alimuddin,Male,muslim,,India
asik,Male,muslim,,India
jiyauddin,Male,muslim,,India
kamarudadin,Male,muslim,,India
rahim,Male,muslim,,India
riyajudadin,Male,muslim,,India
samina,Male,muslim,,India
sarafudadin,Male,muslim,,India
shahida,Male,muslim,,India
tanvir,Male,muslim,,India
aminuddin,Male,muslim,,India
ishtiyak,Male,muslim,,India
mariyam,Male,muslim,,India
samasuddin,Male,muslim,,India
aftab,Male,muslim,,India
asad,Male,muslim,,India
asfak,Male,muslim,,India
idaris,Male,muslim,,India
isharar,Male,muslim,,India
ismail,Male,muslim,,India
majaruddin,Male,muslim,,India
mushtakim,Male,muslim,,India
nahim,Male,muslim,,India
nasaruddin,Male,muslim,,India
nizamuddin,Male,muslim,,India
sabira,Male,muslim,,India
sana,Male,muslim,,India
sarina,Male,muslim,,India
shafi,Male,muslim,,India
shiba,Male,muslim,,India
shoeb,Male,muslim,,India
sufiya,Male,muslim,,India
amina,Male,muslim,,India
amrin,Male,muslim,,India
ejad,Male,muslim,,India
hasruddin,Male,muslim,,India
ikrar,Male,muslim,,India
imamuddin,Male,muslim,,India
jamal,Male,muslim,,India
kamarudin,Male,muslim,,India
kamrajahan,Male,muslim,,India
karim,Male,muslim,,India
nafisabegam,Male,muslim,,India
nafish,Male,muslim,,India
noorjahan,Male,muslim,,India
rahisuddin,Male,muslim,,India
salimuddin,Male,muslim,,India
jafarudadin,Male,muslim,,India
kalimuddin,Male,muslim,,India
khonn,Male,muslim,,India
matalub,Male,muslim,,India
mustafa,Male,muslim,,India
naimuddin,Male,muslim,,India
navialam,Male,muslim,,India
rasul,Male,muslim,,India
ruksana,Male,muslim,,India
ruvina,Male,muslim,,India
sahabuddin,Male,muslim,,India
sahidan,Male,muslim,,India
shamashuddin,Male,muslim,,India
uddin,Male,muslim,,India
yunis,Male,muslim,,India
alihasan,Male,muslim,,India
fakharuddin,Male,muslim,,India
jafaruddin,Male,muslim,,India
jainuddin,Male,muslim,,India
nuruddin,Male,muslim,,India
shamasuddin,Male,muslim,,India
badaruddin,Male,muslim,,India
kutubuddin,Male,muslim,,India
sarfuddin,Male,muslim,,India
jaharuddin,Male,muslim,,India
malikhanasingh,Male,muslim,,India
nasimuddin,Male,muslim,,India
shamshuddin,Male,muslim,,India
babuddin,Male,muslim,,India
chandakhan,Male,muslim,,India
hakimuddin,Male,muslim,,India
kayamuddin,Male,muslim,,India
khanna,Male,muslim,,India
kyamuddin,Male,muslim,,India
malakhan,Male,muslim,,India
niyajuddin,Male,muslim,,India
babukhan,Male,muslim,,India
gayasuddin,Male,muslim,,India
kutabuddin,Male,muslim,,India
masruddin,Male,muslim,,India
rashidakhan,Male,muslim,,India
riyasuddin,Male,muslim,,India
salamuddin,Male,muslim,,India
shakilakhan,Male,muslim,,India
ajamuddin,Male,muslim,,India
ajaruddin,Male,muslim,,India
amaruddin,Male,muslim,,India
chhotekhan,Male,muslim,,India
hasaruddin,Male,muslim,,India
islamuddin,Male,muslim,,India
kadirakhan,Male,muslim,,India
nuraalam,Male,muslim,,India
sharafuddin,Male,muslim,,India
tajuddin,Male,muslim,,India
vasaruddin,Male,muslim,,India
alamshad,Male,muslim,,India
anisakhan,Male,muslim,,India
imaranakhan,Male,muslim,,India
isalam,Male,muslim,,India
jalilakhan,Male,muslim,,India
kasimakhan,Male,muslim,,India
lalamohammad,Male,muslim,,India
maharuddin,Male,muslim,,India
makhan,Male,muslim,,India
masaruddin,Male,muslim,,India
nasiruddin,Male,muslim,,India
patirakhan,Male,muslim,,India
safruddin,Male,muslim,,India
sajidakhan,Male,muslim,,India
salamabegam,Male,muslim,,India
samiuddin,Male,muslim,,India
shamimakhan,Male,muslim,,India
akilakhan,Male,muslim,,India
anavarakhan,Male,muslim,,India
faijuddin,Male,muslim,,India
fakaruddin,Male,muslim,,India
hafijuddin,Male,muslim,,India
ijamuddin,Male,muslim,,India
ikararakhan,Male,muslim,,India
jabirakhan,Male,muslim,,India
jyorakhan,Male,muslim,,India
makhani,Male,muslim,,India
mukimakhan,Male,muslim,,India
naimakhan,Male,muslim,,India
rafiuddin,Male,muslim,,India
rahimuddin,Male,muslim,,India
rajukhan,Male,muslim,,India
sherakhan,Male,muslim,,India
ajaharuddin,Male,muslim,,India
ajimuddin,Male,muslim,,India
ajruddin,Male,muslim,,India
aslamakhan,Male,muslim,,India
badruddin,Male,muslim,,India
baharuddin,Male,muslim,,India
faimuddin,Male,muslim,,India
firojakhan,Male,muslim,,India
gyasuddin,Male,muslim,,India
jahiruddin,Male,muslim,,India
jalikhan,Male,muslim,,India
janaalam,Male,muslim,,India
khushridaalam,Male,muslim,,India
kutbuddin,Male,muslim,,India
laikakhan,Male,muslim,,India
malkhan,Male,muslim,,India
mufidakhan,Male,muslim,,India
muhiuddin,Male,muslim,,India
munnekhan,Male,muslim,,India
nabialam,Male,muslim,,India
najamuddin,Male,muslim,,India
nasimakhan,Male,muslim,,India
nasruddin,Male,muslim,,India
nooraalam,Male,muslim,,India
rahamuddin,Male,muslim,,India
rijavanakhan,Male,muslim,,India
sagirakhan,Male,muslim,,India
salamabano,Male,muslim,,India
salamabe,Male,muslim,,India
salamudadin,Male,muslim,,India
samsuddin,Male,muslim,,India
shakirakhan,Male,muslim,,India
sharifuddin,Male,muslim,,India
shivlakhan,Male,muslim,,India
sijamuddin,Male,muslim,,India
sulakhan,Male,muslim,,India
vasimuddin,Male,muslim,,India
yunusakhan,Male,muslim,,India
ainuddin,Male,muslim,,India
alamaara,Male,muslim,,India
aminakhan,Male,muslim,,India
amiruddin,Male,muslim,,India
anisuddin,Male,muslim,,India
asifakhan,Male,muslim,,India
atikakhan,Male,muslim,,India
baliuddin,Male,muslim,,India
chandaalam,Male,muslim,,India
fakruddin,Male,muslim,,India
hisamuddin,Male,muslim,,India
irafanakhan,Male,muslim,,India
irashadakhan,Male,muslim,,India
isamuddin,Male,muslim,,India
ismuddin,Male,muslim,,India
jamilakhan,Male,muslim,,India
jyauddin,Male,muslim,,India
kalimakhan,Male,muslim,,India
karimuddin,Male,muslim,,India
khalidakhan,Male,muslim,,India
khantun,Male,muslim,,India
lalamiya,Male,muslim,,India
mauinuddin,Male,muslim,,India
munnakhan,Male,muslim,,India
mustakimakhan,Male,muslim,,India
nafisakhan,Male,muslim,,India
nisaruddin,Male,muslim,,India
nisharuddin,Male,muslim,,India
riyastakhan,Male,muslim,,India
riyazuddin,Male,muslim,,India
sahibealam,Male,muslim,,India
saifuddin,Male,muslim,,India
saimuddin,Male,muslim,,India
sainuddin,Male,muslim,,India
salahuddin,Male,muslim,,India
salamatulla,Male,muslim,,India
samashuddin,Male,muslim,,India
samimakhan,Male,muslim,,India
savirakhan,Male,muslim,,India
shahaalam,Male,muslim,,India
shahajuddin,Male,muslim,,India
shahanavajakhan,Male,muslim,,India
shahidakhan,Male,muslim,,India
shakaruddin,Male,muslim,,India
shamsuddin,Male,muslim,,India
sharaftakhan,Male,muslim,,India
sirazuddin,Male,muslim,,India
vadaruddin,Male,muslim,,India
vakilakhan,Male,muslim,,India
vasiruddin,Male,muslim,,India
achchhanakhan,Male,muslim,,India
afakakhan,Male,muslim,,India
afatabaalam,Male,muslim,,India
ahamdakhan,Male,muslim,,India
ajmuddin,Male,muslim,,India
akhtarakhan,Male,muslim,,India
ansarakhan,Male,muslim,,India
avararakhan,Male,muslim,,India
ayayajakhan,Male,muslim,,India
ayubakhan,Male,muslim,,India
badiuddin,Male,muslim,,India
balamukund,Male,muslim,,India
basaruddin,Male,muslim,,India
basimakhan,Male,muslim,,India
basruddin,Male,muslim,,India
bholekhan,Male,muslim,,India
ejadakhan,Male,muslim,,India
enuddin,Male,muslim,,India
firojuddin,Male,muslim,,India
habibakhan,Male,muslim,,India
hakmuddin,Male,muslim,,India
hashimakhan,Male,muslim,,India
ijaharaalam,Male,muslim,,India
ijajuddin,Male,muslim,,India
inamuddin,Male,muslim,,India
isalaman,Male,muslim,,India
jabedakhan,Male,muslim,,India
jafruddin,Male,muslim,,India
jakilakhan,Male,muslim,,India
jakirakhan,Male,muslim,,India
jamaruddin,Male,muslim,,India
jamiruddin,Male,muslim,,India
janealam,Male,muslim,,India
januddin,Male,muslim,,India
javedakhan,Male,muslim,,India
jubairakhan,Male,muslim,,India
kabirakhan,Male,muslim,,India
kaimuddin,Male,muslim,,India
kallukhan,Male,muslim,,India
karimakhan,Male,muslim,,India
kayumakhan,Male,muslim,,India
khalilakhan,Male,muslim,,India
khanu,Male,muslim,,India
khursidaalam,Male,muslim,,India
liyaktakhan,Male,muslim,,India
majruddin,Male,muslim,,India
malikhanasihan,Male,muslim,,India
manakhan,Male,muslim,,India
moalam,Male,muslim,,India
morashidakhan,Male,muslim,,India
mohasinakhan,Male,muslim,,India
mominakhan,Male,muslim,,India
monishakhan,Male,muslim,,India
movinakhan,Male,muslim,,India
muidakhan,Male,muslim,,India
muimakhan,Male,muslim,,India
mumatajakhan,Male,muslim,,India
munirakhan,Male,muslim,,India
munnukhan,Male,muslim,,India
mursartakhan,Male,muslim,,India
mushtakimakhan,Male,muslim,,India
muvinakhan,Male,muslim,,India
najmuddin,Male,muslim,,India
nasirakhan,Male,muslim,,India
nasmuddin,Male,muslim,,India
naushadakhan,Male,muslim,,India
nisharakhan,Male,muslim,,India
niyamuddin,Male,muslim,,India
nooruddin,Male,muslim,,India
nurakhan,Male,muslim,,India
pappukhan,Male,muslim,,India
rafikakhan,Male,muslim,,India
rafikuddin,Male,muslim,,India
rafuddin,Male,muslim,,India
rahisakhan,Male,muslim,,India
rahishakhan,Male,muslim,,India
rahmuddin,Male,muslim,,India
rakimuddin,Male,muslim,,India
ramalakhan,Male,muslim,,India
rasidakhan,Male,muslim,,India
sabirakhan,Male,muslim,,India
sabuddin,Male,muslim,,India
safaruddin,Male,muslim,,India
sahabaalam,Male,muslim,,India
sahabakhan,Male,muslim,,India
sahajuddin,Male,muslim,,India
sahidakhan,Male,muslim,,India
sahimakhan,Male,muslim,,India
sahimuddin,Male,muslim,,India
sahivealam,Male,muslim,,India
sahjuddin,Male,muslim,,India
sahmuddin,Male,muslim,,India
sahruddin,Male,muslim,,India
saidakhan,Male,muslim,,India
sakruddin,Male,muslim,,India
salamat,Male,muslim,,India
salamavano,Male,muslim,,India
salamavegam,Male,muslim,,India
salamudin,Male,muslim,,India
salimakhan,Male,muslim,,India
samidakhan,Male,muslim,,India
samimuddin,Male,muslim,,India
saminuddin,Male,muslim,,India
samshuddin,Male,muslim,,India
sattarakhan,Male,muslim,,India
shafiruddin,Male,muslim,,India
shahanuddin,Male,muslim,,India
shahibealam,Male,muslim,,India
shamashadakhan,Male,muslim,,India
shamimuddin,Male,muslim,,India
shamuddin,Male,muslim,,India
shaydakhan,Male,muslim,,India
tasiruddin,Male,muslim,,India
tasruddin,Male,muslim,,India
usamanakhan,Male,muslim,,India
vaharuddin,Male,muslim,,India
vahidakhan,Male,muslim,,India
zafruddin,Male,muslim,,India
akalam,Male,muslim,,India
amajidakhan,Male,muslim,,India
asamdakhan,Male,muslim,,India
abadulsalam,Male,muslim,,India
abararakhan,Male,muslim,,India
abbasakhan,Male,muslim,,India
abdulmajidakhan,Male,muslim,,India
abruddin,Male,muslim,,India
adilakhan,Male,muslim,,India
afarojaalam,Male,muslim,,India
afsarakhan,Male,muslim,,India
ahamdasherakhan,Male,muslim,,India
ahamuddin,Male,muslim,,India
ahasnakhan,Male,muslim,,India
airuddin,Male,muslim,,India
ajaharauddin,Male,muslim,,India
ajahruddin,Male,muslim,,India
ajameruddin,Male,muslim,,India
ajibuddin,Male,muslim,,India
ajijakhan,Male,muslim,,India
ajijuddin,Male,muslim,,India
ajitakhan,Male,muslim,,India
ajmeruddin,Male,muslim,,India
ajumuddin,Male,muslim,,India
akaramakhan,Male,muslim,,India
akhalam,Male,muslim,,India
akhantar,Male,muslim,,India
akramakhan,Male,muslim,,India
alamabegam,Male,muslim,,India
alamgir,Male,muslim,,India
alamsad,Male,muslim,,India
alamudadin,Male,muslim,,India
alamuddin,Male,muslim,,India
alialam,Male,muslim,,India
alihasnakhan,Male,muslim,,India
alimakhan,Male,muslim,,India
alimudadinakhan,Male,muslim,,India
alivuddin,Male,muslim,,India
alkhaniranjan,Male,muslim,,India
allauddin,Male,muslim,,India
alluddin,Male,muslim,,India
allukhan,Male,muslim,,India
amarikhan,Male,muslim,,India
amirkhan,Male,muslim,,India
amreekhan,Male,muslim,,India
amunuddin,Male,muslim,,India
amuruddin,Male,muslim,,India
anisaruddin,Male,muslim,,India
anshikakhan,Male,muslim,,India
arafuddin,Male,muslim,,India
arifakhan,Male,muslim,,India
arshadakhan,Male,muslim,,India
asafuddin,Male,muslim,,India
asaruddin,Male,muslim,,India
asgarakhan,Male,muslim,,India
ashafakakhan,Male,muslim,,India
ashakuddin,Male,muslim,,India
ashalam,Male,muslim,,India
ashikakhan,Male,muslim,,India
asidakhan,Male,muslim,,India
asimakhan,Male,muslim,,India
asmamuddin,Male,muslim,,India
asmuddin,Male,muslim,,India
asuddin,Male,muslim,,India
aufikakhan,Male,muslim,,India
ayajadakhan,Male,muslim,,India
ayajuddin,Male,muslim,,India
ayyajakhan,Male,muslim,,India
babluddin,Male,muslim,,India
bablukhan,Male,muslim,,India
babrakhan,Male,muslim,,India
badarealam,Male,muslim,,India
badarulakhan,Male,muslim,,India
bahabuddin,Male,muslim,,India
bahuruddin,Male,muslim,,India
bakilakhan,Male,muslim,,India
bakrakhan,Male,muslim,,India
bakruddin,Male,muslim,,India
balamik,Male,muslim,,India
balamukhi,Male,muslim,,India
basharuddin,Male,muslim,,India
basiruddin,Male,muslim,,India
basuruddin,Male,muslim,,India
batirakhan,Male,muslim,,India
bhasiruddin,Male,muslim,,India
bhurakhan,Male,muslim,,India
bhurekhan,Male,muslim,,India
chanadaalam,Male,muslim,,India
chandaaalam,Male,muslim,,India
changukhan,Male,muslim,,India
chashmuddin,Male,muslim,,India
chatarukhan,Male,muslim,,India
chirakhuddin,Male,muslim,,India
chodaalam,Male,muslim,,India
chunnukhan,Male,muslim,,India
dafedarakhan,Male,muslim,,India
dakhan,Male,muslim,,India
darajakhan,Male,muslim,,India
diladarakhan,Male,muslim,,India
dilashadakhan,Male,muslim,,India
dilashandakhan,Male,muslim,,India
divarikhana,Male,muslim,,India
ehatasamuddin,Male,muslim,,India
ehtashamuddin,Male,muslim,,India
ejajakhan,Male,muslim,,India
ellauddin,Male,muslim,,India
fahamuddin,Male,muslim,,India
fahimuddin,Male,muslim,,India
fahimuddinakhan,Male,muslim,,India
fahmuddin,Male,muslim,,India
faijanakhan,Male,muslim,,India
fainaalam,Male,muslim,,India
faizuddin,Male,muslim,,India
fajaluddin,Male,muslim,,India
fakarealam,Male,muslim,,India
fakhruddin,Male,muslim,,India
fakirakhan,Male,muslim,,India
farukhakhan,Male,muslim,,India
fasiuddin,Male,muslim,,India
faskhruddin,Male,muslim,,India
fayayjakhan,Male,muslim,,India
fazaluddin,Male,muslim,,India
firastakhan,Male,muslim,,India
firojaalam,Male,muslim,,India
firozakhan,Male,muslim,,India
fiyajuddin,Male,muslim,,India
fuddin,Male,muslim,,India
fuluddin,Male,muslim,,India
furakhan,Male,muslim,,India
gaffarakhan,Male,muslim,,India
ganikhan,Male,muslim,,India
gayasaalam,Male,muslim,,India
guddin,Male,muslim,,India
gulamuddin,Male,muslim,,India
hajaruddin,Male,muslim,,India
hakamuddin,Male,muslim,,India
hakimakhan,Male,muslim,,India
halimakhan,Male,muslim,,India
hamidakhan,Male,muslim,,India
hanifakhan,Male,muslim,,India
haramuddin,Male,muslim,,India
hashmuddin,Male,muslim,,India
hasibakhan,Male,muslim,,India
hasibuddin,Male,muslim,,India
hasimuddin,Male,muslim,,India
hasinakhan,Male,muslim,,India
hasnakhan,Male,muslim,,India
hesamuddinri,Male,muslim,,India
hisayuddin,Male,muslim,,India
humakhanas,Male,muslim,,India
idarishakhan,Male,muslim,,India
ikabalakhan,Male,muslim,,India
ikabalekhan,Male,muslim,,India
ikamuddin,Male,muslim,,India
ikavalakhan,Male,muslim,,India
ikhalakakhan,Male,muslim,,India
ikhan,Male,muslim,,India
ikramuddin,Male,muslim,,India
ilajuddin,Male,muslim,,India
imaranakhanav,Male,muslim,,India
imaruddin,Male,muslim,,India
imasuddin,Male,muslim,,India
imrankhan,Male,muslim,,India
inasadakhan,Male,muslim,,India
insafakhan,Male,muslim,,India
inshamuddin,Male,muslim,,India
irafanaalam,Male,muslim,,India
irafankhan,Male,muslim,,India
irashandakhan,Male,muslim,,India
isakhan,Male,muslim,,India
isalamudadin,Male,muslim,,India
isanuddin,Male,muslim,,India
isarailakhan,Male,muslim,,India
isararakhan,Male,muslim,,India
isararuddin,Male,muslim,,India
ishahakakhan,Male,muslim,,India
ishalam,Male,muslim,,India
ishlamuddin,Male,muslim,,India
ishratakhan,Male,muslim,,India
ishtyakkhan,Male,muslim,,India
islamkhan,Male,muslim,,India
ismailakhan,Male,muslim,,India
isratakhan,Male,muslim,,India
istakharakhan,Male,muslim,,India
jabaruddin,Male,muslim,,India
jafiruddin,Male,muslim,,India
jafuddin,Male,muslim,,India
jaggukhan,Male,muslim,,India
jahidakhan,Male,muslim,,India
jahidkhan,Male,muslim,,India
jahirakhan,Male,muslim,,India
jaimanuddin,Male,muslim,,India
jainulakhan,Male,muslim,,India
jaisuddin,Male,muslim,,India
jakaruddin,Male,muslim,,India
jakruddin,Male,muslim,,India
jalalakhan,Male,muslim,,India
jalalauddin,Male,muslim,,India
jalisakhan,Male,muslim,,India
jalisuddin,Male,muslim,,India
jallaluddin,Male,muslim,,India
jalmuddin,Male,muslim,,India
jamalauddin,Male,muslim,,India
jamannekhan,Male,muslim,,India
jamiharuddin,Male,muslim,,India
jamiuddin,Male,muslim,,India
jamruddin,Male,muslim,,India
janghanakhan,Male,muslim,,India
jaribakhann,Male,muslim,,India
jasialam,Male,muslim,,India
jaunuddin,Male,muslim,,India
javedkhan,Male,muslim,,India
jayanauddin,Male,muslim,,India
jayauddin,Male,muslim,,India
jelikhan,Male,muslim,,India
jivanikhan,Male,muslim,,India
jiyorakhan,Male,muslim,,India
julaikhan,Male,muslim,,India
julakhan,Male,muslim,,India
julekhan,Male,muslim,,India
jummanakhan,Male,muslim,,India
junedakhan,Male,muslim,,India
juummanakhan,Male,muslim,,India
jyorkhan,Male,muslim,,India
kahimuddin,Male,muslim,,India
kakarealam,Male,muslim,,India
kalamurti,Male,muslim,,India
kalaumuddin,Male,muslim,,India
kamalauddin,Male,muslim,,India
kamarulakhan,Male,muslim,,India
kamilakhan,Male,muslim,,India
kamiluddin,Male,muslim,,India
kamrakhan,Male,muslim,,India
karuddin,Male,muslim,,India
kasaruddin,Male,muslim,,India
kayumkhan,Male,muslim,,India
kayumuddin,Male,muslim,,India
khairuddin,Male,muslim,,India
khalikujjamakhan,Male,muslim,,India
khalilaalam,Male,muslim,,India
khana,Male,muslim,,India
khanaayub,Male,muslim,,India
khanap,Male,muslim,,India
khanav,Male,muslim,,India
khanbahadur,Male,muslim,,India
khandm,Male,muslim,,India
khandtara,Male,muslim,,India
khane,Male,muslim,,India
khannam,Male,muslim,,India
khanne,Male,muslim,,India
khansahay,Male,muslim,,India
khantoon,Male,muslim,,India
khuashridaalam,Male,muslim,,India
khurashidaalam,Male,muslim,,India
khurshidaalam,Male,muslim,,India
khushurakhan,Male,muslim,,India
kitabuddin,Male,muslim,,India
kiyamuddin,Male,muslim,,India
kuddin,Male,muslim,,India
kumuddin,Male,muslim,,India
kushruddin,Male,muslim,,India
kutumuddin,Male,muslim,,India
lahmuddin,Male,muslim,,India
lakhanaprtap,Male,muslim,,India
lalaman,Male,muslim,,India
lalamin,Male,muslim,,India
lalamiyae,Male,muslim,,India
lalamiyan,Male,muslim,,India
lalamuhammad,Male,muslim,,India
lalamuni,Male,muslim,,India
lalamunni,Male,muslim,,India
lalkhan,Male,muslim,,India
lallukhan,Male,muslim,,India
likhanidevi,Male,muslim,,India
lkhan,Male,muslim,,India
magganekhan,Male,muslim,,India
mahababukhan,Male,muslim,,India
mahabubakhan,Male,muslim,,India
mahafisuddin,Male,muslim,,India
mahafujaalam,Male,muslim,,India
mahajuddin,Male,muslim,,India
mahiruddin,Male,muslim,,India
maiinuddin,Male,muslim,,India
maijuddin,Male,muslim,,India
mainauddin,Male,muslim,,India
mainuuddin,Male,muslim,,India
mainyuddin,Male,muslim,,India
majaharuddin,Male,muslim,,India
majidakhan,Male,muslim,,India
majivuddin,Male,muslim,,India
makhana,Male,muslim,,India
makkukhan,Male,muslim,,India
malakhanasih,Male,muslim,,India
malauddin,Male,muslim,,India
malikhanasih,Male,muslim,,India
manarakhan,Male,muslim,,India
manshurakhan,Male,muslim,,India
mashiruddin,Male,muslim,,India
mashiyuddin,Male,muslim,,India
masimakhan,Male,muslim,,India
masiruddin,Male,muslim,,India
masiuddin,Male,muslim,,India
maunuddin,Male,muslim,,India
merajakhan,Male,muslim,,India
merajuddin,Male,muslim,,India
minhajuddin,Male,muslim,,India
mirjajiyaulaalam,Male,muslim,,India
mithathukhan,Male,muslim,,India
moaalam,Male,muslim,,India
moalimakhan,Male,muslim,,India
mobasimakhan,Male,muslim,,India
mochandaalam,Male,muslim,,India
modilakhan,Male,muslim,,India
moimaranakhan,Male,muslim,,India
momajruddin,Male,muslim,,India
momuinuddin,Male,muslim,,India
monuruddin,Male,muslim,,India
morihanakhan,Male,muslim,,India
moumrakhan,Male,muslim,,India
mofakaruddin,Male,muslim,,India
mofeaiyajakhan,Male,muslim,,India
mohdbadiuddin,Male,muslim,,India
moinuddin,Male,muslim,,India
moismailakhan,Male,muslim,,India
monisakhan,Male,muslim,,India
mosalaman,Male,muslim,,India
mounuddin,Male,muslim,,India
mualam,Male,muslim,,India
mufaiyajakhan,Male,muslim,,India
mujafaruddin,Male,muslim,,India
mujanaalam,Male,muslim,,India
musalimuddin,Male,muslim,,India
mushamiuddin,Male,muslim,,India
mubinakhan,Male,muslim,,India
mueenuddin,Male,muslim,,India
muhidakhan,Male,muslim,,India
muhidkhan,Male,muslim,,India
muhiyuddin,Male,muslim,,India
muinakhan,Male,muslim,,India
muinakhann,Male,muslim,,India
muiruddin,Male,muslim,,India
mujaffarakhan,Male,muslim,,India
mujamilakhan,Male,muslim,,India
mujammilakhan,Male,muslim,,India
mujibaalam,Male,muslim,,India
mujivakhan,Male,muslim,,India
mukammilakhan,Male,muslim,,India
mukhan,Male,muslim,,India
mukimuddin,Male,muslim,,India
mullakhan,Male,muslim,,India
munabvarakhan,Male,muslim,,India
munanekhan,Male,muslim,,India
munishakhan,Male,muslim,,India
munshikhan,Male,muslim,,India
murinuddin,Male,muslim,,India
murutakimakhan,Male,muslim,,India
mushtakakhan,Male,muslim,,India
musirakhan,Male,muslim,,India
muslimakhan,Male,muslim,,India
musrartakhan,Male,muslim,,India
mustafakhan,Male,muslim,,India
mustakakhan,Male,muslim,,India
myajakhan,Male,muslim,,India
nababuddin,Male,muslim,,India
nabiuddin,Male,muslim,,India
nabiyalam,Male,muslim,,India
nadimakhan,Male,muslim,,India
nadimauddin,Male,muslim,,India
nadirakhan,Male,muslim,,India
nafisuddin,Male,muslim,,India
nagmuddin,Male,muslim,,India
naharuddin,Male,muslim,,India
nairmuddin,Male,muslim,,India
najaruddin,Male,muslim,,India
najibuddin,Male,muslim,,India
najimuddin,Male,muslim,,India
nakimaalam,Male,muslim,,India
nanasaruddin,Male,muslim,,India
narafuddin,Male,muslim,,India
nasharuddin,Male,muslim,,India
nasuddin,Male,muslim,,India
nasuruddin,Male,muslim,,India
natthukhan,Male,muslim,,India
nausadakhan,Male,muslim,,India
naushadkhan,Male,muslim,,India
naushdakhan,Male,muslim,,India
navajuddin,Male,muslim,,India
navavakhan,Male,muslim,,India
navisherakhan,Male,muslim,,India
nayabakhan,Male,muslim,,India
nemuddin,Male,muslim,,India
nihalakhan,Male,muslim,,India
niharuddin,Male,muslim,,India
nijamakhan,Male,muslim,,India
nijamauddin,Male,muslim,,India
nijmakhan,Male,muslim,,India
niralekhan,Male,muslim,,India
niruddin,Male,muslim,,India
nisarakhan,Male,muslim,,India
nisauruddin,Male,muslim,,India
niyazuddin,Male,muslim,,India
nuramohammadakhan,Male,muslim,,India
nyavakhan,Male,muslim,,India
paravejakhan,Male,muslim,,India
pirmakhan,Male,muslim,,India
qutubuddinaidarisi,Male,muslim,,India
rabijakhan,Male,muslim,,India
rafaruddin,Male,muslim,,India
rafialam,Male,muslim,,India
rafikauddin,Male,muslim,,India
rafimuddin,Male,muslim,,India
rahajuddin,Male,muslim,,India
rahamtakhan,Male,muslim,,India
rahasuddin,Male,muslim,,India
rahemankhann,Male,muslim,,India
rahimakhan,Male,muslim,,India
rairsuddin,Male,muslim,,India
raisakhan,Male,muslim,,India
raishakhan,Male,muslim,,India
raisuddin,Male,muslim,,India
rajakhan,Male,muslim,,India
rajuddin,Male,muslim,,India
ramajanuddin,Male,muslim,,India
ramlatrakhan,Male,muslim,,India
rasimakhan,Male,muslim,,India
rijavanaalam,Male,muslim,,India
rijavedakhan,Male,muslim,,India
rijuddin,Male,muslim,,India
rijvanakhanam,Male,muslim,,India
rikhanabegam,Male,muslim,,India
riyajakhan,Male,muslim,,India
riyajauddin,Male,muslim,,India
riyaluddin,Male,muslim,,India
riyauddin,Male,muslim,,India
ruddin,Male,muslim,,India
rukaruddin,Male,muslim,,India
rukhasuddin,Male,muslim,,India
rulayakhan,Male,muslim,,India
rustamakhan,Male,muslim,,India
sabiruddin,Male,muslim,,India
sadadikakhan,Male,muslim,,India
sadaruddin,Male,muslim,,India
sadikakhan,Male,muslim,,India
sadkhanna,Male,muslim,,India
safarojakhan,Male,muslim,,India
sagiruddin,Male,muslim,,India
sahabealam,Male,muslim,,India
sahanasaalam,Male,muslim,,India
sahanuddin,Male,muslim,,India
sahanurakhan,Male,muslim,,India
sahauddin,Male,muslim,,India
sahealam,Male,muslim,,India
sahejuddin,Male,muslim,,India
sahialam,Male,muslim,,India
sahidaalam,Male,muslim,,India
sahinuddin,Male,muslim,,India
sahiruddin,Male,muslim,,India
sahvakhan,Male,muslim,,India
sahvealam,Male,muslim,,India
saibuddin,Male,muslim,,India
saihmuddin,Male,muslim,,India
saijuddin,Male,muslim,,India
sainakhan,Male,muslim,,India
sairuddin,Male,muslim,,India
saiyajakhan,Male,muslim,,India
sajamuddin,Male,muslim,,India
sajjakakhan,Male,muslim,,India
sajruddin,Male,muslim,,India
sakaruddin,Male,muslim,,India
sakhan,Male,muslim,,India
sakikhan,Male,muslim,,India
sakilakhan,Male,muslim,,India
sakimuddin,Male,muslim,,India
sakirakhan,Male,muslim,,India
sakurakhan,Male,muslim,,India
saladauddin,Male,muslim,,India
salahauddin,Male,muslim,,India
salahuuddin,Male,muslim,,India
salama,Male,muslim,,India
salamabno,Male,muslim,,India
salamakhan,Male,muslim,,India
salamal,Male,muslim,,India
salamanarisi,Male,muslim,,India
salamani,Male,muslim,,India
salamaulla,Male,muslim,,India
salambegam,Male,muslim,,India
salamt,Male,muslim,,India
salamudradin,Male,muslim,,India
salamudrin,Male,muslim,,India
salialam,Male,muslim,,India
salmuddin,Male,muslim,,India
saluddin,Male,muslim,,India
samaruddin,Male,muslim,,India
samasadakhan,Male,muslim,,India
samauddin,Male,muslim,,India
samialam,Male,muslim,,India
saniluddin,Male,muslim,,India
sanuddin,Male,muslim,,India
sanukhan,Male,muslim,,India
sarafanakhan,Male,muslim,,India
sarajuddin,Male,muslim,,India
sarbarakhan,Male,muslim,,India
sarfarajakhan,Male,muslim,,India
saripukhan,Male,muslim,,India
satamuddin,Male,muslim,,India
satirakhan,Male,muslim,,India
satyalkhan,Male,muslim,,India
sayyajakhan,Male,muslim,,India
senakhan,Male,muslim,,India
shabbukhan,Male,muslim,,India
shabirakhan,Male,muslim,,India
shadauddin,Male,muslim,,India
shafaruddin,Male,muslim,,India
shafikakhan,Male,muslim,,India
shahabajakhan,Male,muslim,,India
shahabealam,Male,muslim,,India
shahabukhan,Male,muslim,,India
shahadabakhan,Male,muslim,,India
shahamuddin,Male,muslim,,India
shahanajaalam,Male,muslim,,India
shahanurakhan,Male,muslim,,India
shahbealam,Male,muslim,,India
shahbuddin,Male,muslim,,India
shahivealam,Male,muslim,,India
shaifkhan,Male,muslim,,India
shailukhan,Male,muslim,,India
shainuddin,Male,muslim,,India
shaiyamuddin,Male,muslim,,India
shakhana,Male,muslim,,India
shalamaara,Male,muslim,,India
shalauddin,Male,muslim,,India
shalimakhan,Male,muslim,,India
shamasulakhan,Male,muslim,,India
shamilakhan,Male,muslim,,India
shaminuddin,Male,muslim,,India
shamiuddin,Male,muslim,,India
shammuddin,Male,muslim,,India
shanuddin,Male,muslim,,India
sharifakhan,Male,muslim,,India
sharmauddin,Male,muslim,,India
sharookhakhan,Male,muslim,,India
shaubuddin,Male,muslim,,India
shaukinkhan,Male,muslim,,India
shayanakhanam,Male,muslim,,India
shekhrakhan,Male,muslim,,India
sheruddin,Male,muslim,,India
shibukhan,Male,muslim,,India
shoekatakhan,Male,muslim,,India
shumashuddin,Male,muslim,,India
siyajuddin,Male,muslim,,India
siyastakhan,Male,muslim,,India
slamuddin,Male,muslim,,India
sobranakhan,Male,muslim,,India
suevaalam,Male,muslim,,India
suhilkhan,Male,muslim,,India
sukhanna,Male,muslim,,India
sulkhan,Male,muslim,,India
sultanakhan,Male,muslim,,India
tafiruddin,Male,muslim,,India
taharuddin,Male,muslim,,India
tahasimakhan,Male,muslim,,India
tahirakhan,Male,muslim,,India
tajakhan,Male,muslim,,India
takaruddin,Male,muslim,,India
talibakhan,Male,muslim,,India
tanabirakhan,Male,muslim,,India
tasabbarakhan,Male,muslim,,India
tasalimakhan,Male,muslim,,India
taslimakhan,Male,muslim,,India
taufikakhan,Male,muslim,,India
taufikkhan,Male,muslim,,India
tausifakhan,Male,muslim,,India
tavrejaalam,Male,muslim,,India
tofikakhan,Male,muslim,,India
ubaidaalam,Male,muslim,,India
usmanakhan,Male,muslim,,India
uvaisakhan,Male,muslim,,India
uvaishakhan,Male,muslim,,India
vadiuddin,Male,muslim,,India
vahiduddin,Male,muslim,,India
vaijuddin,Male,muslim,,India
varakhan,Male,muslim,,India
vasaimakhan,Male,muslim,,India
vasharuddin,Male,muslim,,India
vashruddin,Male,muslim,,India
vasidakhan,Male,muslim,,India
vasilakhan,Male,muslim,,India
vasimakhan,Male,muslim,,India
vasitakhan,Female,muslim,,India
vatulakhan,Female,muslim,,India
vhauddin,Female,muslim,,India
vilalauddin,Male,muslim,,India
vilaluddinap,Male,muslim,,India
wasimuddin,Male,muslim,,India
yamamuddin,Male,muslim,,India
yaminakhan,Male,muslim,,India
yasamuddin,Female,muslim,,India
yoonoos,Female,muslim,,India
yoonus,Female,muslim,,India
yosuf,Female,muslim,,India
yunisakhan,Female,muslim,,India
yuniskhan,Female,muslim,,India
yunusaali,Female,muslim,,India
yushuf,Female,muslim,,India
yusufaali,Female,muslim,,India
yususaali,Female,muslim,,India
zabbar,Female,muslim,,India
zabira,Female,muslim,,India
zafar,Female,muslim,,India
zaffar,Female,muslim,,India
zafir,Female,muslim,,India
zagarina,Female,muslim,,India
zagir,Female,muslim,,India
zahanur,Female,muslim,,India
zaharuddin,Female,muslim,,India
zahira,Female,muslim,,India
zahur,Female,muslim,,India
zaid,Female,muslim,,India
zainnuddin,Female,muslim,,India
zainul,Female,muslim,,India
zaitun,Female,muslim,,India
zakil,Female,muslim,,India
zakira,Male,muslim,,India
zama,Male,muslim,,India
zamal,Male,muslim,,India
zamaluddin,Male,muslim,,India
zamila,Male,muslim,,India
zamirul,Male,muslim,,India
zarin,Male,muslim,,India
zarina,Male,muslim,,India
zaseem,Male,muslim,,India
zasim,Male,muslim,,India
zaubair,Male,muslim,,India
zubaida,Male,muslim,,India
zulafikar,Male,muslim,,India
zulifkar,Male,muslim,,India
zuvera,Male,muslim,,India
aadil,Male,muslim,,India
aaftab,Male,muslim,,India
aakib,Male,muslim,,India
aakil,Male,muslim,,India
aashif,Male,muslim,,India
aavdin,Male,muslim,,India
abadin,Male,muslim,,India
abarar,Male,muslim,,India
abdul,Male,muslim,,India
abdulla,Male,muslim,,India
abid,Male,muslim,,India
adib,Male,muslim,,India
adil,Male,muslim,,India
adnan,Male,muslim,,India
begam,Female,muslim,,India
afashana,Male,muslim,,India
afatav,Male,muslim,,India
afi,Male,muslim,,India
afjal,Male,muslim,,India
afrin,Male,muslim,,India
afroj,Male,muslim,,India
aftav,Male,muslim,,India
ahasan,Male,muslim,,India
ahmed,Male,muslim,,India
ajahar,Male,muslim,,India
ajam,Male,muslim,,India
ajamal,Male,muslim,,India
ajamer,Male,muslim,,India
ajarudadin,Male,muslim,,India
ajim,Male,muslim,,India
ajra,Male,muslim,,India
ajrooddin,Male,muslim,,India
akabar,Male,muslim,,India
alaudadin,Male,muslim,,India
alaudin,Male,muslim,,India
aliman,Male,muslim,,India
altaf,Male,muslim,,India
anas,Male,muslim,,India
anasar,Male,muslim,,India
anis,Male,muslim,,India
araman,Male,muslim,,India
arfa,Male,muslim,,India
arjoo,Male,muslim,,India
arman,Male,muslim,,India
arsad,Male,muslim,,India
arshi,Male,muslim,,India
asafak,Male,muslim,,India
asgar,Male,muslim,,India
asharaf,Male,muslim,,India
asharfi,Male,muslim,,India
ashik,Male,muslim,,India
asim,Male,muslim,,India
asiya,Male,muslim,,India
asmin,Male,muslim,,India
asraf,Male,muslim,,India
asre,Male,muslim,,India
atar,Male,muslim,,India
atik,Male,muslim,,India
bagam,Male,muslim,,India
banno,Male,muslim,,India
yakub,Male,muslim,,India
yashin,Male,muslim,,India
yashmin,Male,muslim,,India
yasmin,Male,muslim,,India
yoosuf,Male,muslim,,India
yunush,Male,muslim,,India
zamil,Male,muslim,,India
Naushad,Male,muslim,,India
begum,Male,muslim,,India
Rajiya,Male,muslim,,India
Muni,Male,muslim,,India
Momana,Male,muslim,,India
Rafiya,Male,muslim,,India
Saviya,Male,muslim,,India
Amana,Male,muslim,,India
Sanno,Male,muslim,,India
Munni,Male,muslim,,India
Savila,Male,muslim,,India
Jayada,Male,muslim,,India
Anisa,Male,muslim,,India
Jalisha,Male,muslim,,India
Sabnama,Male,muslim,,India
TARANA,Male,muslim,,India
Sayara,Male,muslim,,India
Chunni,Male,muslim,,India
Rahisa,Male,muslim,,India
Khatuna,Male,muslim,,India
Anisha,Male,muslim,,India
Napisa,Male,muslim,,India
Asama,Male,muslim,,India
Najama,Male,muslim,,India
Safiya,Male,muslim,,India
Lallo,Male,muslim,,India
Chandra,Male,muslim,,India
Nanhi,Male,muslim,,India
Juma,Male,muslim,,India
Manu,Male,muslim,,India
Afroja,Male,muslim,,India
Fatima,Male,muslim,,India
Shahanaja,Male,muslim,,India
Mukina,Male,muslim,,India
Suddi,Male,muslim,,India
Kinni,Male,muslim,,India
Nujahata,Male,muslim,,India
Sharada,Male,muslim,,India
Kallo,Male,muslim,,India
Sitara,Male,muslim,,India
Samasa,Male,muslim,,India
Chanda,Male,muslim,,India
Saida,Male,muslim,,India
Samasuna,Male,muslim,,India
Imamna,Male,muslim,,India
Faimida,Male,muslim,,India
Sahira,Male,muslim,,India
Rihaja,Male,muslim,,India
Ayasha,Male,muslim,,India
Kuraisha,Male,muslim,,India
Nasarina,Male,muslim,,India
Anvari,Male,muslim,,India
SHAMA,Male,muslim,,India
Suga,Male,muslim,,India
Khurshida,Male,muslim,,India
Jamila,Male,muslim,,India
Manika,Male,muslim,,India
Muvina,Male,muslim,,India
Sanaha,Male,muslim,,India
Jerina,Male,muslim,,India
Sarvama,Male,muslim,,India
Shamima,Male,muslim,,India
Najanina,Male,muslim,,India
SARAVRI,Male,muslim,,India
Tara,Male,muslim,,India
Jahira,Male,muslim,,India
Reshama,Male,muslim,,India
Vashima,Male,muslim,,India
Afarina,Male,muslim,,India
Saina,Male,muslim,,India
Rajada,Male,muslim,,India
Kausra,Male,muslim,,India
Badi,Male,muslim,,India
Husna,Male,muslim,,India
Janatuna,Male,muslim,,India
Shamashuja,Male,muslim,,India
Pappi,Male,muslim,,India
Sabjaham,Male,muslim,,India
Mainaja,Male,muslim,,India
Banu,Male,muslim,,India
Nadima,Male,muslim,,India
Paravina,Male,muslim,,India
Shanno,Male,muslim,,India
Sai,Male,muslim,,India
Kanija,Male,muslim,,India
Savana,Male,muslim,,India
Asha,Male,muslim,,India
Farajana,Male,muslim,,India
Tabassuma,Male,muslim,,India
Sami,Male,muslim,,India
Taslima,Male,muslim,,India
Shabana,Male,muslim,,India
Akiya,Male,muslim,,India
Rukasana,Male,muslim,,India
Sima,Male,muslim,,India
Khushanisha,Male,muslim,,India
Rukaiya,Male,muslim,,India
Sabbo,Male,muslim,,India
Ijaji,Male,muslim,,India
Suvaida,Male,muslim,,India
Suala,Male,muslim,,India
Shajada,Male,muslim,,India
Barasi,Male,muslim,,India
Ashama,Male,muslim,,India
PARVIN,Male,muslim,,India
Shayara,Male,muslim,,India
Hasina,Male,muslim,,India
Jubaida,Male,muslim,,India
Shamashada,Male,muslim,,India
Shakila,Male,muslim,,India
Apsha,Male,muslim,,India
Najara,Male,muslim,,India
Budurna,Male,muslim,,India
Anbari,Male,muslim,,India
Jaimuna,Male,muslim,,India
Naragisha,Male,muslim,,India
Jainuma,Male,muslim,,India
Sanma,Male,muslim,,India
Bhajama,Male,muslim,,India
Mina,Male,muslim,,India
Havivna,Male,muslim,,India
Munisha,Male,muslim,,India
Keshvari,Male,muslim,,India
Gulshana,Male,muslim,,India
Riyana,Male,muslim,,India
Najiya,Male,muslim,,India
Membari,Male,muslim,,India
Jahusa,Male,muslim,,India
Bibbana,Male,muslim,,India
Miskina,Male,muslim,,India
Momina,Male,muslim,,India
Asagari,Male,muslim,,India
Rabbana,Male,muslim,,India
Fahamida,Male,muslim,,India
Savina,Male,muslim,,India
Khadija,Male,muslim,,India
Naushida,Male,muslim,,India
Mahakasha,Male,muslim,,India
Rijavana,Male,muslim,,India
Anjuma,Male,muslim,,India
Khushnuma,Male,muslim,,India
Rubi,Male,muslim,,India
Arusha,Male,muslim,,India
Akila,Male,muslim,,India
Bibi,Male,muslim,,India
Shakira,Male,muslim,,India
Jakirna,Male,muslim,,India
Ramasa,Male,muslim,,India
Jinta,Male,muslim,,India
Tahira,Male,muslim,,India
Parabina,Male,muslim,,India
Shamashida,Male,muslim,,India
Roshna,Male,muslim,,India
Jahari,Male,muslim,,India
Firadausa,Male,muslim,,India
Shafiya,Male,muslim,,India
Afaroja,Male,muslim,,India
Bebi,Male,muslim,,India
Jafaruna,Male,muslim,,India
Munisa,Male,muslim,,India
Hadisa,Male,muslim,,India
Rayasha,Male,muslim,,India
Mufida,Male,muslim,,India
Faiyaji,Male,muslim,,India
Nasara,Male,muslim,,India
Shadiya,Male,muslim,,India
Nagma,Male,muslim,,India
Khursida,Male,muslim,,India
Hashamida,Male,muslim,,India
Rukhasana,Male,muslim,,India
Sakira,Male,muslim,,India
Firoja,Male,muslim,,India
Gudiya,Male,muslim,,India
Shahamina,Male,muslim,,India
Mashvari,Male,muslim,,India
Kasida,Male,muslim,,India
Maharunna,Male,muslim,,India
Sharifna,Male,muslim,,India
Tahasina,Male,muslim,,India
Shayada,Male,muslim,,India
Kanisa,Male,muslim,,India
Mahasana,Male,muslim,,India
Julaikha,Male,muslim,,India
Maharoja,Male,muslim,,India
Yasmina,Male,muslim,,India
Sanjida,Male,muslim,,India
Sarvari,Male,muslim,,India
Shahina,Male,muslim,,India
Hajara,Male,muslim,,India
Fula,Male,muslim,,India
Vilakisna,Male,muslim,,India
Hasarina,Male,muslim,,India
Shaharunna,Male,muslim,,India
Ravina,Male,muslim,,India
Najamina,Male,muslim,,India
Sanjidabegma,Male,muslim,,India
Nagasa,Male,muslim,,India
Amarunna,Male,muslim,,India
Kuresha,Male,muslim,,India
Jaituna,Male,muslim,,India
Arifa,Male,muslim,,India
Hura,Male,muslim,,India
Shabnamba,Male,muslim,,India
Ishara,Male,muslim,,India
Hasama,Male,muslim,,India
Rashiya,Male,muslim,,India
Asara,Male,muslim,,India
Rabuna,Male,muslim,,India
Valiyama,Male,muslim,,India
Sunaida,Male,muslim,,India
Samasha,Male,muslim,,India
Nasibna,Male,muslim,,India
Rukashana,Male,muslim,,India
Nuri,Male,muslim,,India
Ajamirna,Male,muslim,,India
Malika,Male,muslim,,India
Chamna,Male,muslim,,India
Firadosha,Male,muslim,,India
Mustari,Male,muslim,,India
Farina,Male,muslim,,India
Najo,Male,muslim,,India
Reshma,Male,muslim,,India
Jalikha,Male,muslim,,India
Maimunna,Male,muslim,,India
Mohasina,Male,muslim,,India
Gujja,Male,muslim,,India
Birajisa,Male,muslim,,India
Sahana,Male,muslim,,India
Luma,Male,muslim,,India
Nasira,Male,muslim,,India
Rani,Male,muslim,,India
Sabina,Male,muslim,,India
Misakina,Male,muslim,,India
Hashami,Male,muslim,,India
Mumataja,Male,muslim,,India
Jatto,Male,muslim,,India
Araju,Male,muslim,,India
Ishrata,Male,muslim,,India
Shamme,Male,muslim,,India
Salauni,Male,muslim,,India
Kaisra,Male,muslim,,India
Naida,Male,muslim,,India
KHUSHNAJ,Male,muslim,,India
Sajiya,Male,muslim,,India
Anju,Male,muslim,,India
Hamida,Male,muslim,,India
Shajama,Male,muslim,,India
Rahasana,Male,muslim,,India
Sujaida,Male,muslim,,India
Ayasa,Male,muslim,,India
Najarina,Male,muslim,,India
Soni,Male,muslim,,India
Nanhim,Male,muslim,,India
Sajada,Male,muslim,,India
Firadausha,Male,muslim,,India
Sayada,Male,muslim,,India
Rajina,Male,muslim,,India
Shakara,Male,muslim,,India
Ashgari,Male,muslim,,India
Kamini,Male,muslim,,India
Sahanaja,Male,muslim,,India
Dilvari,Male,muslim,,India
Maisana,Male,muslim,,India
Samida,Male,muslim,,India
Shahajahae,Male,muslim,,India
Sharina,Male,muslim,,India
Shayana,Male,muslim,,India
Mohana,Male,muslim,,India
Mariyama,Male,muslim,,India
Ranno,Male,muslim,,India
Marajina,Male,muslim,,India
Kamarunisha,Male,muslim,,India
Shamma,Male,muslim,,India
Saravari,Male,muslim,,India
Hasema,Male,muslim,,India
Rukeya,Male,muslim,,India
Jamela,Male,muslim,,India
Samena,Male,muslim,,India
Sajjida,Male,muslim,,India
Rihasa,Male,muslim,,India
Kurema,Male,muslim,,India
Saya,Male,muslim,,India
Khusoma,Male,muslim,,India
Sumena,Male,muslim,,India
Rikhana,Male,muslim,,India
Vajida,Male,muslim,,India
Vina,Male,muslim,,India
Babali,Male,muslim,,India
Shavina,Male,muslim,,India
Ashiyana,Male,muslim,,India
Ruvi,Male,muslim,,India
Vajiya,Male,muslim,,India
Raviya,Male,muslim,,India
Hina,Male,muslim,,India
Sabista,Male,muslim,,India
Rukaiyya,Male,muslim,,India
Bholi,Male,muslim,,India
Manno,Male,muslim,,India
Nurjahan,Male,muslim,,India
Khurasida,Male,muslim,,India
Malaka,Male,muslim,,India
Suhana,Male,muslim,,India
abe.,Male,muslim,,India
Husana,Male,muslim,,India
Rafikna,Male,muslim,,India
Kaisna,Male,muslim,,India
Chaina,Male,muslim,,India
Vanno,Male,muslim,,India
Kasiya,Male,muslim,,India
Rajani,Male,muslim,,India
Tasbunna,Male,muslim,,India
Kishbari,Male,muslim,,India
Tarannuma,Male,muslim,,India
Babuna,Male,muslim,,India
Gulsana,Male,muslim,,India
Dilbari,Male,muslim,,India
Nagina,Male,muslim,,India
Guljaha,Male,muslim,,India
Mukhtari,Male,muslim,,India
Monina,Male,muslim,,India
Irfana,Male,muslim,,India
Gulashna,Male,muslim,,India
Hamidna,Male,muslim,,India
Sakhi,Male,muslim,,India
Muida,Male,muslim,,India
Shobha,Male,muslim,,India
Sasta,Male,muslim,,India
Munija,Male,muslim,,India
Laka,Male,muslim,,India
Kishvari,Male,muslim,,India
Shanaja,Male,muslim,,India
JISHANA,Male,muslim,,India
Sadiya,Male,muslim,,India
Salatna,Male,muslim,,India
Hasamida,Male,muslim,,India
Faujiya,Male,muslim,,India
Hashimi,Male,muslim,,India
Musayara,Male,muslim,,India
Sajama,Male,muslim,,India
Vilakisha,Male,muslim,,India
Kisvari,Male,muslim,,India
Khushrida,Male,muslim,,India
Bitta,Male,muslim,,India
Musalima,Male,muslim,,India
Kaikasa,Male,muslim,,India
Nurasubaha,Male,muslim,,India
Nagama,Male,muslim,,India
Naidi,Male,muslim,,India
Babunna,Male,muslim,,India
Masarina,Male,muslim,,India
NAJRIN,Male,muslim,,India
Rukasara,Male,muslim,,India
Yasamina,Male,muslim,,India
Sultana,Male,muslim,,India
Rijabana,Male,muslim,,India
Sahin,Male,muslim,,India
Hasiya,Male,muslim,,India
Raisa,Male,muslim,,India
Najra,Male,muslim,,India
Maikila,Male,muslim,,India
Sudaija,Male,muslim,,India
Bittana,Male,muslim,,India
Asanma,Male,muslim,,India
Jahida,Male,muslim,,India
Rajama,Male,muslim,,India
Jainva,Male,muslim,,India
Shahajaham,Male,muslim,,India
Safina,Male,muslim,,India
Neksi,Male,muslim,,India
Pakija,Male,muslim,,India
Ayana,Male,muslim,,India
Gudadi,Male,muslim,,India
Shakina,Male,muslim,,India
Nasvari,Male,muslim,,India
Majada,Male,muslim,,India
Nahida,Male,muslim,,India
Kahakasha,Male,muslim,,India
Harera,Male,muslim,,India
Batina,Male,muslim,,India
Alama,Male,muslim,,India
Rabisa,Male,muslim,,India
Sarbari,Male,muslim,,India
Lalo,Male,muslim,,India
Munnu,Male,muslim,,India
Janunna,Male,muslim,,India
Jahara,Male,muslim,,India
Anno,Male,muslim,,India
Samiya,Male,muslim,,India
Pavavina,Male,muslim,,India
Vittana,Male,muslim,,India
Sona,Male,muslim,,India
Satano,Male,muslim,,India
Idarisha,Male,muslim,,India
Savira,Male,muslim,,India
Navisha,Male,muslim,,India
Jarashi,Male,muslim,,India
Sabunna,Male,muslim,,India
Sagufta,Male,muslim,,India
Aisha,Male,muslim,,India
Sammo,Male,muslim,,India
Jabira,Male,muslim,,India
kesbari,Male,muslim,,India
Tahisa,Male,muslim,,India
Hajira,Male,muslim,,India
Moina,Male,muslim,,India
Mahanaja,Male,muslim,,India
Mukhvari,Male,muslim,,India
Khushanudi,Male,muslim,,India
Majida,Male,muslim,,India
Dilavari,Male,muslim,,India
Gulsatta,Male,muslim,,India
Billana,Male,muslim,,India
Jahanara,Male,muslim,,India
Mirakina,Male,muslim,,India
Najima,Male,muslim,,India
Jafarunna,Male,muslim,,India
Sahima,Male,muslim,,India
Nattho,Male,muslim,,India
Argari,Male,muslim,,India
Nalavisa,Male,muslim,,India
Vilakisa,Male,muslim,,India
Tabusasuma,Male,muslim,,India
Shbanma,Male,muslim,,India
Shavjaham,Male,muslim,,India
Shaviya,Male,muslim,,India
Sumna,Male,muslim,,India
Munavvari,Male,muslim,,India
Mushtari,Male,muslim,,India
Shatana,Male,muslim,,India
Madira,Male,muslim,,India
Jainba,Male,muslim,,India
Saleha,Male,muslim,,India
Vasima,Male,muslim,,India
Asana,Male,muslim,,India
Apasa,Male,muslim,,India
NOORSABA,Male,muslim,,India
Maikinna,Male,muslim,,India
Harajina,Male,muslim,,India
Shamada,Male,muslim,,India
Shamara,Male,muslim,,India
Guddi,Male,muslim,,India
Humaira,Male,muslim,,India
Sainaja,Male,muslim,,India
Subaida,Male,muslim,,India
Nargisa,Male,muslim,,India
Dilashana,Male,muslim,,India
Sahidna,Male,muslim,,India
Isbari,Male,muslim,,India
Mahasra,Male,muslim,,India
Saminna,Male,muslim,,India
Sabiya,Male,muslim,,India
Tayara,Male,muslim,,India
Hasari,Male,muslim,,India
Maharoeja,Male,muslim,,India
Maniya,Male,muslim,,India
Sahida,Male,muslim,,India
Shabnama,Male,muslim,,India
Mukkhi,Male,muslim,,India
Ulakha,Male,muslim,,India
Chaeda,Male,muslim,,India
Fatama,Male,muslim,,India
Nadara,Male,muslim,,India
Anjumna,Male,muslim,,India
Fakalla,Male,muslim,,India
Immana,Male,muslim,,India
Bakaridna,Male,muslim,,India
Alimna,Male,muslim,,India
Marima,Male,muslim,,India
Chandani,Male,muslim,,India
Fahamija,Male,muslim,,India
Mamta,Male,muslim,,India
Khushirda,Male,muslim,,India
Shamashula,Male,muslim,,India
Ramasha,Male,muslim,,India
Imarana,Male,muslim,,India
Bura,Male,muslim,,India
akib,Male,muslim,,India
akram,Male,muslim,,India
alahamdi,Male,muslim,,India
alisher,Male,muslim,,India
alladin,Male,muslim,,India
almashad,Male,muslim,,India
almasher,Male,muslim,,India
aman,Male,muslim,,India
amjad,Male,muslim,,India
ashafak,Male,muslim,,India
ashlam,Male,muslim,,India
ashma,Male,muslim,,India
ayaj,Male,muslim,,India
aysa,Male,muslim,,India
aysha,Male,muslim,,India
ayub,Male,muslim,,India
ayyub,Male,muslim,,India
baladin,Male,muslim,,India
bilal,Male,muslim,,India
fahim,Male,muslim,,India
faijan,Male,muslim,,India
faim,Male,muslim,,India
faisal,Male,muslim,,India
fakharudadin,Male,muslim,,India
fakhrooddin,Male,muslim,,India
farha,Male,muslim,,India
farhin,Male,muslim,,India
farida,Male,muslim,,India
faridan,Male,muslim,,India
farin,Male,muslim,,India
farjana,Male,muslim,,India
farman,Male,muslim,,India
faruk,Male,muslim,,India
faruki,Male,muslim,,India
fateha,Male,muslim,,India
fere,Male,muslim,,India
firadaus,Male,muslim,,India
firadosh,Male,muslim,,India
firdos,Male,muslim,,India
firdosh,Male,muslim,,India
firoj,Male,muslim,,India
firoz,Male,muslim,,India
fool,Male,muslim,,India
furakan,Male,muslim,,India
furkan,Male,muslim,,India
gajala,Male,muslim,,India
gufaran,Male,muslim,,India
gufran,Male,muslim,,India
gulam,Male,muslim,,India
gulfam,Male,muslim,,India
gulfsa,Male,muslim,,India
gulfsha,Male,muslim,,India
guljar,Male,muslim,,India
habib,Male,muslim,,India
hafij,Male,muslim,,India
hafijan,Male,muslim,,India
haidar,Male,muslim,,India
hajra,Male,muslim,,India
hakim,Male,muslim,,India
hakima,Male,muslim,,India
haliman,Male,muslim,,India
hamidan,Male,muslim,,India
hansan,Male,muslim,,India
haroon,Male,muslim,,India
harun,Male,muslim,,India
hasamudadin,Male,muslim,,India
hasarudadin,Male,muslim,,India
hasrooddin,Male,muslim,,India
hukuma,Male,muslim,,India
huma,Male,muslim,,India
husain,Male,muslim,,India
idarish,Male,muslim,,India
idarishan,Male,muslim,,India
idarishi,Male,muslim,,India
idris,Male,muslim,,India
idrish,Male,muslim,,India
idrishi,Male,muslim,,India
idrisi,Male,muslim,,India
iftakhar,Male,muslim,,India
iftikhar,Male,muslim,,India
ijahar,Male,muslim,,India
ijhar,Male,muslim,,India
ikaram,Male,muslim,,India
ikarar,Male,muslim,,India
ikhalak,Male,muslim,,India
ikhlak,Male,muslim,,India
ikram,Male,muslim,,India
ilayas,Male,muslim,,India
iliyas,Male,muslim,,India
imamudadin,Male,muslim,,India
imrana,Male,muslim,,India
imtiyaj,Male,muslim,,India
intajar,Male,muslim,,India
iqabal,Male,muslim,,India
iram,Male,muslim,,India
isamudadin,Male,muslim,,India
isarail,Male,muslim,,India
isarat,Male,muslim,,India
ishad,Male,muslim,,India
ishak,Male,muslim,,India
isharat,Male,muslim,,India
ishtayak,Male,muslim,,India
ishtyak,Male,muslim,,India
istakar,Male,muslim,,India
istayak,Male,muslim,,India
istiyak,Male,muslim,,India
istyak,Male,muslim,,India
jafar,Male,muslim,,India
jainab,Male,muslim,,India
jainudadin,Male,muslim,,India
jainul,Male,muslim,,India
jakir,Male,muslim,,India
jakira,Male,muslim,,India
jala,Male,muslim,,India
jalaludadin,Male,muslim,,India
jalaludin,Male,muslim,,India
jamadar,Male,muslim,,India
jamaludadin,Male,muslim,,India
jamaludin,Male,muslim,,India
jamid,Male,muslim,,India
jamil,Male,muslim,,India
jamir,Male,muslim,,India
jarif,Male,muslim,,India
jasim,Male,muslim,,India
kalimudadin,Male,muslim,,India
kamaludadin,Male,muslim,,India
kamaran,Male,muslim,,India
kamarul,Male,muslim,,India
kamarun,Male,muslim,,India
kamarunanisha,Male,muslim,,India
kamarunnisha,Male,muslim,,India
kamrul,Male,muslim,,India
khushrid,Male,muslim,,India
kulsum,Male,muslim,,India
mahabir,Male,muslim,,India
mahabub,Male,muslim,,India
mahafuj,Male,muslim,,India
mahajabin,Male,muslim,,India
mahajavin,Male,muslim,,India
mahajbi,Male,muslim,,India
mahajvi,Male,muslim,,India
mahajvin,Male,muslim,,India
mahamud,Male,muslim,,India
mahanaj,Male,muslim,,India
maharaj,Male,muslim,,India
maharun,Male,muslim,,India
mahatab,Male,muslim,,India
mahfooj,Male,muslim,,India
mainudadin,Male,muslim,,India
mainur,Male,muslim,,India
majahar,Male,muslim,,India
majarudadin,Male,muslim,,India
majid,Male,muslim,,India
majidan,Male,muslim,,India
maksudan,Male,muslim,,India
matadin,Male,muslim,,India
mohd,Male,muslim,,India
moin,Male,muslim,,India
mubarak,Male,muslim,,India
mubin,Male,muslim,,India
mudassir,Male,muslim,,India
muhammad,Male,muslim,,India
muhid,Male,muslim,,India
muid,Male,muslim,,India
muin,Male,muslim,,India
muinudadin,Male,muslim,,India
mujammil,Male,muslim,,India
mujassim,Male,muslim,,India
mujfafar,Male,muslim,,India
mujfar,Male,muslim,,India
mujib,Male,muslim,,India
mujiv,Male,muslim,,India
mukhtayar,Male,muslim,,India
mukhtiyar,Male,muslim,,India
mukhtyar,Male,muslim,,India
mukim,Male,muslim,,India
mumataj,Male,muslim,,India
mumtaj,Male,muslim,,India
munabbar,Male,muslim,,India
munavvar,Male,muslim,,India
mursalin,Male,muslim,,India
murshid,Male,muslim,,India
musalim,Male,muslim,,India
musarraf,Male,muslim,,India
mushtak,Male,muslim,,India
musir,Male,muslim,,India
mustak,Male,muslim,,India
muvin,Male,muslim,,India
nadim,Male,muslim,,India
nadir,Male,muslim,,India
nahar,Male,muslim,,India
nahara,Male,muslim,,India
nahid,Male,muslim,,India
naim,Male,muslim,,India
naimudadin,Male,muslim,,India
naj,Male,muslim,,India
najamin,Male,muslim,,India
najamul,Male,muslim,,India
najanin,Male,muslim,,India
najarin,Male,muslim,,India
nargis,Male,muslim,,India
nasarudadin,Male,muslim,,India
nasharin,Male,muslim,,India
nashim,Male,muslim,,India
nasiran,Male,muslim,,India
nasrooddin,Male,muslim,,India
naved,Male,muslim,,India
nida,Male,muslim,,India
nijam,Male,muslim,,India
nijamudadin,Male,muslim,,India
nilofar,Male,muslim,,India
niloo,Male,muslim,,India
nilu,Male,muslim,,India
rafik,Male,muslim,,India
rahisudadin,Male,muslim,,India
rahisul,Male,muslim,,India
rahmani,Male,muslim,,India
rahnuma,Male,muslim,,India
raja,Male,muslim,,India
rajabir,Male,muslim,,India
ramadin,Male,muslim,,India
rauf,Male,muslim,,India
raza,Male,muslim,,India
rehan,Male,muslim,,India
rifakat,Male,muslim,,India
rihan,Male,muslim,,India
rijavan,Male,muslim,,India
rijvan,Male,muslim,,India
rijvana,Male,muslim,,India
riyaj,Male,muslim,,India
riyajudin,Male,muslim,,India
riyajul,Male,muslim,,India
riyasat,Male,muslim,,India
riyaz,Male,muslim,,India
roobi,Male,muslim,,India
roobina,Male,muslim,,India
rukasad,Male,muslim,,India
rukasar,Male,muslim,,India
rukhasar,Male,muslim,,India
rukhsana,Male,muslim,,India
rukhsar,Male,muslim,,India
sabanam,Male,muslim,,India
sabbir,Male,muslim,,India
sabra,Male,muslim,,India
sabrin,Male,muslim,,India
sadab,Male,muslim,,India
sadadik,Male,muslim,,India
sadakat,Male,muslim,,India
sadarul,Male,muslim,,India
saddam,Male,muslim,,India
saddik,Male,muslim,,India
safi,Male,muslim,,India
sagir,Male,muslim,,India
sahab,Male,muslim,,India
sahaba,Male,muslim,,India
sahabudadin,Male,muslim,,India
sahnaj,Male,muslim,,India
sahroj,Male,muslim,,India
saiyad,Male,muslim,,India
sajma,Male,muslim,,India
sakib,Male,muslim,,India
sakil,Male,muslim,,India
sakir,Male,muslim,,India
salaudadin,Male,muslim,,India
saleem,Male,muslim,,India
saligaram,Male,muslim,,India
samasudadin,Male,muslim,,India
samasul,Male,muslim,,India
samasunna,Male,muslim,,India
samima,Male,muslim,,India
samin,Male,muslim,,India
samir,Male,muslim,,India
sammi,Male,muslim,,India
samsul,Male,muslim,,India
sarifan,Male,muslim,,India
sarik,Male,muslim,,India
shabbo,Male,muslim,,India
shabir,Male,muslim,,India
shabnam,Male,muslim,,India
shad,Male,muslim,,India
shahabudadin,Male,muslim,,India
shahajad,Male,muslim,,India
shahajade,Male,muslim,,India
shahajadi,Male,muslim,,India
shahamir,Male,muslim,,India
shahanabaj,Male,muslim,,India
shahanavaj,Male,muslim,,India
shahanaz,Male,muslim,,India
shahanshah,Male,muslim,,India
shahanur,Male,muslim,,India
shahanvaj,Male,muslim,,India
shaharoj,Male,muslim,,India
shahavaj,Male,muslim,,India
shahid,Male,muslim,,India
shahidan,Male,muslim,,India
shahin,Male,muslim,,India
shahira,Male,muslim,,India
shahjad,Male,muslim,,India
shahnaj,Male,muslim,,India
shahnoor,Male,muslim,,India
shahnvaj,Male,muslim,,India
shahroj,Male,muslim,,India
shahrookh,Male,muslim,,India
shahrukh,Male,muslim,,India
shaifali,Male,muslim,,India
shajid,Male,muslim,,India
shakil,Male,muslim,,India
shakilaahamad,Male,muslim,,India
shakir,Male,muslim,,India
shamina,Male,muslim,,India
sharafudadin,Male,muslim,,India
shoyab,Male,muslim,,India
sirajudadin,Male,muslim,,India
soofiya,Male,muslim,,India
sufiyan,Male,muslim,,India
suhel,Male,muslim,,India
sumiran,Male,muslim,,India
tabasum,Male,muslim,,India
tahasim,Male,muslim,,India
tahir,Male,muslim,,India
tahsim,Male,muslim,,India
tahsin,Male,muslim,,India
talib,Male,muslim,,India
taliv,Male,muslim,,India
tanavir,Male,muslim,,India
tarannum,Male,muslim,,India
tasaliman,Male,muslim,,India
tauhid,Male,muslim,,India
tavassum,Male,muslim,,India
tofik,Male,muslim,,India
ujma,Male,muslim,,India
vasid,Male,muslim,,India
vasif,Male,muslim,,India
yashamin,Male,muslim,,India
Rizwan,Male,muslim,,India
Rizwana,Male,muslim,,India
Zvan,Male,muslim,,India
Rasshad,Male,hindu,,India
mo,Male,hindu,,India
mohd,Male,hindu,,India